Customer ID;First Name;Last Name;Email Address;Phone;Street;City;State;Zip Code
AB959;Arden;Bennett;congue.a@lorem.edu;(959) 194-1875;467 Velit. Road;Lansing;MI;32618
AE177;Astra;Edwards;Aliquam.fringilla.cursus@necmalesuada.org;(177) 600-1729;P.O. Box 196, 9542 A Road;Springfield;MA;45487
AF146;Ayanna;Foreman;molestie@mattis.edu;(146) 146-9356;1690 Consectetuer Rd.;Covington;KY;91314
AJ342;Adena;Jenkins;in@dictum.org;(342) 731-9079;Ap #912-9572 Nunc Rd.;Athens;GA;93325
AL696;Adara;Langley;per.conubia.nostra@neque.org;(696) 810-8990;P.O. Box 364, 576 Dui Road;Montpelier;VT;66450
AO423;Anastasia;Owens;egestas.a@sapien.edu;(423) 401-3016;Ap #768-1320 Sociis Avenue;Fort Smith;AR;72182
AP383;Amena;Petersen;amet.massa@Maurisvestibulumneque.net;(383) 554-7219;P.O. Box 116, 1182 Arcu St.;Bowling Green;KY;98968
AW191;Amery;Washington;Suspendisse.commodo@egestasrhoncus.ca;(191) 476-0002;Ap #921-1871 Nulla Road;Lincoln;NE;52207
BA261;Blaine;Ashley;amet.consectetuer.adipiscing@vestibulum.com;(261) 759-5806;7896 Pede St.;Jonesboro;AR;72875
BC544;Brock;Case;magna.Phasellus@Phasellus.net;(544) 534-1984;513 Magna. Road;Hattiesburg;MS;34843
BH538;Barrett;Howell;ultricies.ornare.elit@Mauris.ca;(538) 115-5665;Ap #778-6520 Orci. Road;Augusta;GA;99188
BL360;Brody;Love;et.malesuada@consequat.net;(360) 338-4848;Ap #395-1618 Non, Av.;Kenosha;WI;26992
BM992;Benjamin;Miranda;Proin.vel.nisl@enim.ca;(992) 329-4925;P.O. Box 311, 2133 Nec, St.;Columbia;MD;82356
BP340;Brooke;Perkins;sit@vitaealiquetnec.net;(340) 732-9367;Ap #164-3678 Scelerisque Street;Lawton;OK;14573
CA368;Cailin;Alford;gravida.sit@miAliquam.net;(368) 400-8301;495-3046 Erat Rd.;Augusta;GA;29616
CB608;Chester;Best;felis@eros.net;(608) 587-5791;Ap #968-7278 In Avenue;Tulsa;OK;43225
CC186;Chastity;Charles;in.felis@Mauriseu.co.uk;(186) 176-2590;P.O. Box 524, 6354 Posuere, Rd.;Tampa;FL;82457
CH327;Calvin;Henry;blandit@quis.com;(327) 821-0113;4663 Dictum St.;Carson City;NV;35575
CL177;Coby;Lucas;auctor.odio@utdolordapibus.co.uk;(177) 816-3420;Ap #617-8301 At, Rd.;West Jordan;UT;35549
CO603;Clementine;Oliver;purus@luctus.edu;(603) 332-7827;703-3051 Molestie Ave;Missoula;MT;30346
CR901;Cally;Reynolds;penatibus.et@lectusa.com;(901) 166-8355;234-8243 Fringilla Avenue;Shreveport;LA;70824
DC275;Derek;Conrad;arcu@elit.ca;(275) 477-2907;1073 Nunc St.;Grand Island;NE;42024
DD311;Dorian;Dale;adipiscing.elit.Etiam@euultricessit.edu;(311) 929-6026;Ap #693-7510 Donec Rd.;Nashville;TN;32602
DD951;Dustin;Daugherty;neque.sed@ultriciessemmagna.ca;(951) 720-1227;3783 Eu St.;Memphis;TN;32934
DF542;Debra;Finley;arcu@nisiMaurisnulla.co.uk;(542) 954-1230;Ap #505-6100 Duis St.;St. Petersburg;FL;42227
EB529;Eagan;Bray;Vestibulum.ante@sitametmassa.net;(529) 738-3373;395-9988 Auctor Road;Tucson;AZ;85261
ED714;Eric;Donaldson;ante.ipsum.primis@gravidasagittis.com;(714) 520-4254;P.O. Box 410, 5651 Nec Av.;Metairie;LA;55212
EN774;Erasmus;Neal;dolor@perconubia.edu;(774) 548-5638;P.O. Box 192, 7666 Tristique St.;Chandler;AZ;85410
FH324;Francesca;Hodges;tempor.arcu.Vestibulum@tinciduntaliquamarcu.com;(324) 686-7614;735-9674 Arcu. Ave;Lafayette;LA;95303
GF707;Graham;Frederick;risus.at@orci.co.uk;(707) 474-5854;Ap #900-8969 Adipiscing Rd.;Vancouver;WA;29504
GG466;Germaine;Green;ultrices.Vivamus@orciin.edu;(466) 455-4160;Ap #393-7888 Egestas, St.;Warren;MI;35221
GG496;Gray;Gutierrez;ullamcorper@tempusrisus.edu;(496) 849-2265;Ap #798-172 Ante Street;Auburn;ME;33682
GO720;Guy;Ochoa;montes.nascetur@semperrutrum.net;(720) 242-4596;Ap #315-2338 Semper Road;West Valley City;UT;23946
HN831;Hunter;Newton;quam.quis.diam@facilisisfacilisis.org;(831) 996-1240;P.O. Box 340, 3871 Cras St.;Lafayette;LA;25680
HS222;Hadley;Sosa;convallis.convallis.dolor@aenim.co.uk;(222) 150-9436;3557 Vestibulum Rd.;Eugene;OR;96724
HV383;Hedy;Vang;cursus.et.eros@loremfringilla.ca;(383) 134-3234;P.O. Box 978, 6491 Phasellus Rd.;Grand Rapids;MI;66348
IH716;Iliana;Hester;mauris@consectetuerrhoncus.ca;(716) 866-7734;Ap #157-1207 Dolor Street;Essex;VT;93452
IO714;Indira;Odom;Etiam@nisi.ca;(714) 947-5101;819-207 Etiam Avenue;San Francisco;CA;92261
JC375;Jaime;Craig;rhoncus@facilisis.co.uk;(375) 915-2089;734-291 Orci. Rd.;Colorado Springs;CO;88379
JD838;Joshua;Delaney;Proin@vitaeerat.co.uk;(838) 282-2276;P.O. Box 127, 506 Per Av.;Vancouver;WA;55379
JG491;Jerry;Gill;taciti@vehicula.edu;(491) 955-1047;Ap #410-3622 Cursus Av.;Augusta;GA;72618
JH840;Jenna;Hendricks;purus.Nullam.scelerisque@ligula.net;(840) 746-9696;6366 Pede Road;Kansas City;KS;90550
JL549;Judith;Leonard;Ut.tincidunt.vehicula@urnajusto.org;(549) 439-1744;Ap #268-6365 Id Street;Akron;OH;79211
JR394;Jael;Rice;at.auctor@nonvestibulumnec.net;(394) 444-6027;9456 Enim, Rd.;Provo;UT;82041
JW700;Josiah;Wagner;orci.luctus@semut.org;(700) 742-7671;P.O. Box 577, 524 Nullam Rd.;Springfield;MO;76249
KH106;Karly;Hardin;ipsum.Suspendisse@euerosNam.ca;(106) 281-7513;Ap #636-3942 Nulla Av.;Glendale;AZ;85122
KH715;Kyla;Hebert;vitae.nibh.Donec@ideratEtiam.org;(715) 654-8147;7355 Penatibus St.;Tulsa;OK;23071
KK578;Kyle;Keith;arcu.Morbi@ut.co.uk;(578) 125-5684;830-1866 Mus. Road;Cincinnati;OH;81170
KN704;Kamal;Newton;turpis@loremvehicula.com;(704) 685-9968;6565 Dictum Rd.;Richmond;VA;70621
KP976;Kenneth;Potts;nec.ante@Donecnibhenim.edu;(976) 544-1168;Ap #644-1887 Congue St.;Kailua;HI;12464
KS246;Kaden;Sharpe;a@Incondimentum.org;(246) 987-2818;Ap #399-3026 Etiam St.;Reno;NV;74122
LJ868;Laith;Jordan;ligula.tortor@Curabituregestas.co.uk;(868) 659-6715;901-9067 Ridiculus Road;Wyoming;WY;35361
LP623;Leslie;Pace;Vivamus.nisi@risus.com;(623) 686-1821;4563 Convallis, Ave;Hattiesburg;MS;82730
LR311;Lunea;Rios;nisl.Maecenas.malesuada@nuncac.org;(311) 982-5690;P.O. Box 789, 3792 Elit St.;Clarksville;TN;13703
LT176;Lucas;Trevino;eros@faucibusleo.ca;(176) 773-9482;P.O. Box 905, 9945 Volutpat. Rd.;Jackson;MS;35136
MF186;Malik;Faulkner;Nullam.suscipit.est@ametornare.com;(186) 520-2519;373-5832 Rutrum Av.;Portland;OR;15726
MF838;Merrill;Freeman;pellentesque@Donecest.net;(838) 734-1768;877-8627 Amet, Rd.;Omaha;NE;95518
MG263;Melyssa;Gates;ipsum.cursus.vestibulum@semperegestas.com;(263) 976-2589;P.O. Box 501, 3788 Vestibulum Road;Wichita;KS;26414
MG689;Molly;Grant;mauris.erat@cursusdiamat.net;(689) 843-0460;P.O. Box 670, 843 Lorem, Ave;Augusta;ME;67161
MM309;Mollie;Meyers;eu.odio@tempor.edu;(309) 329-9140;4812 Enim. Av.;Lowell;MA;12490
MM723;Mona;Matthews;Donec.nibh.enim@pede.co.uk;(723) 808-1834;255-8043 Cum Street;Chesapeake;VA;98393
MP748;Melinda;Price;fringilla@Nulla.net;(748) 701-8010;946-8193 Neque Ave;Springfield;IL;47976
MR358;Medge;Ratliff;nulla.ante@posuerevulputate.org;(358) 751-8227;P.O. Box 431, 308 Nisi Ave;Columbus;GA;83005
MR366;Michael;Rutledge;eget.lacus@sitametorci.org;(366) 822-4574;Ap #374-2080 Faucibus St.;Detroit;MI;56616
NM892;Nicole;Mcconnell;enim.Mauris.quis@Vivamusnibh.net;(892) 616-0264;Ap #241-6887 Integer St.;Warren;MI;81838
NR822;Nolan;Robertson;neque.sed@turpis.ca;(822) 296-4465;4417 Accumsan Street;New Orleans;LA;44402
NS540;Nolan;Slater;sociis.natoque.penatibus@pedeCras.co.uk;(540) 487-5928;Ap #346-6863 Nunc Road;Fort Worth;TX;20173
NS930;Nasim;Sheppard;ut@ultricessit.co.uk;(930) 295-6752;P.O. Box 590, 2305 Tempor Ave;Minneapolis;MN;79789
NV989;Nash;Vasquez;ut.nisi@elitAliquam.ca;(989) 937-6199;6045 In Av.;Salem;OR;74140
OM513;Oleg;Merritt;Vestibulum.ante.ipsum@sapienimperdiet.edu;(513) 912-4721;P.O. Box 464, 7497 Mauris, Rd.;Fort Smith;AR;72021
PW615;Philip;Ware;faucibus.Morbi@semmagna.org;(615) 720-3672;P.O. Box 150, 4408 Elit, Rd.;Hartford;CT;87162
QM203;Quentin;Marshall;velit@Pellentesquehabitantmorbi.org;(203) 755-9348;P.O. Box 153, 9018 Integer Rd.;Owensboro;KY;81526
QV229;Quail;Vance;Mauris@Proin.co.uk;(229) 484-5107;5964 Et Street;South Portland;ME;39139
RA868;Roanna;Acevedo;sit@ac.org;(868) 464-7466;P.O. Box 558, 6339 Aliquet St.;Cleveland;OH;41487
RB330;Roth;Black;luctus@nec.co.uk;(330) 983-4433;789-9797 Etiam Road;Baltimore;MD;82278
RH129;Rose;Holcomb;sagittis.placerat.Cras@pharetra.edu;(129) 823-5800;977-3911 Neque Street;Fayetteville;AR;71201
RH484;Rae;Hawkins;et.magnis@posuereat.edu;(484) 158-4493;4749 Dui. Rd.;Salem;OR;18601
RM302;Ronan;Mendez;risus@feugiatnonlobortis.co.uk;(302) 847-0643;P.O. Box 815, 4997 Vulputate Av.;Oklahoma City;OK;53624
RN447;Rebekah;Nelson;pretium.et@egestaslacinia.ca;(447) 121-6473;5857 Donec Av.;Fairbanks;AK;99718
RS237;Rhona;Stanley;metus@dictumplacerataugue.net;(237) 294-5071;7443 Nullam Rd.;Frankfort;KY;23593
RW244;Raja;Wells;arcu.eu@eusem.com;(244) 178-1821;2452 Aliquet St.;Wichita;KS;77520
RW653;Rhonda;Wilder;sed@quispedePraesent.edu;(653) 854-3876;4242 Aliquet. St.;Lawton;OK;49215
SB279;Shafira;Bennett;nascetur@sitametmetus.org;(279) 911-0843;P.O. Box 910, 2555 Est St.;Biloxi;MS;53453
SB982;Sydney;Bartlett;nibh@ultricesposuere.edu;(982) 231-7357;412-9800 Urna, Ave;Eugene;OR;87765
SC361;Savannah;Conner;Morbi.sit@pedemalesuada.net;(361) 128-7285;Ap #684-3829 Eu Rd.;Carson City;NV;22412
SD110;Sydney;Dejesus;mattis.velit@vel.net;(110) 771-1999;P.O. Box 992, 4161 Adipiscing Rd.;Seattle;WA;26131
SD934;Shay;Davidson;tempus.scelerisque@turpisnonenim.co.uk;(934) 777-4129;554-2399 Auctor St.;Carson City;NV;47875
SK733;Sasha;King;ac.mattis@pretiumaliquet.net;(733) 104-5058;998-5387 Nunc Avenue;Norman;OK;92389
SM137;Serena;Malone;dictum@Fuscefermentumfermentum.edu;(137) 440-1643;Ap #402-5528 Nascetur Rd.;Eugene;OR;10421
SR304;Sydney;Robertson;tempor.arcu@ascelerisque.com;(304) 577-5758;329-9610 Elit, St.;Kansas City;MO;61642
SS497;Sade;Santiago;ipsum@eu.co.uk;(497) 492-4618;206-3671 Ullamcorper Rd.;Bozeman;MT;10912
SV197;Shellie;Velez;dignissim.tempor@tincidunt.edu;(197) 282-8671;Ap #986-4982 Donec Ave;Dover;DE;23365
TB662;Theodore;Brock;feugiat@Aliquameratvolutpat.edu;(662) 476-0315;P.O. Box 158, 2782 Dapibus Av.;Augusta;GA;84032
TP113;Tyrone;Powell;Nullam.ut@tellusjusto.co.uk;(113) 724-9255;2316 Enim. Road;Gulfport;MS;72567
WR721;Wynter;Roberts;ac@Utsemper.net;(721) 262-6519;886-1764 Ac St.;Olathe;KS;96956
WR722;Wesley;Rush;massa.Mauris.vestibulum@In.co.uk;(722) 576-0563;512-3041 Rutrum, Rd.;Kenosha;WI;18508
YT818;Yoko;Travis;scelerisque.neque.sed@atlacus.net;(818) 864-3843;2226 Urna. Rd.;South Portland;ME;90815
ZF166;Zephr;Fry;a@nibhdolor.com;(166) 472-2547;462-8520 Sit Rd.;Fort Wayne;IN;17769
ZM708;Zephr;Mcgee;nec@orci.ca;(708) 764-4578;Ap #560-8531 Non Ave;Carson City;NV;94851
ZW921;Zena;Washington;risus@ProindolorNulla.edu;(921) 805-5150;5120 Libero. Rd.;Fairbanks;AK;99784
